occupation_group,demand_entry_sl,demand_entry_fe,demand_entry_he
"Caring, Leisure And Other Service Occupations",651320.55,1236932.3699999999,146589.81999999995
Associate Professional And Technical Occupations,700953.68,704061.4299999998,1543947.1100000008
Professional Occupations,48616.119999999995,145659.39000000004,1668915.1300000004
Sales And Customer Service Occupations,1091293.5700000003,582901.6199999998,247204.62000000002
Administrative And Secretarial Occupations,1170691.74,468072.68,66582.56000000003
Skilled Trades Occupations,559711.27,1093342.6700000004,36971.33
