occupation_group,demand_entry_sl,demand_entry_fe,demand_entry_he
Sales And Customer Service Occupations,1091293.5699999998,582901.6200000002,247204.62000000005
Professional Occupations,48616.11999999998,145745.38999999996,1669477.1300000001
"Caring, Leisure And Other Service Occupations",652701.55,1239103.3700000003,146589.81999999992
Administrative And Secretarial Occupations,1170691.7399999998,468072.67999999993,66582.56000000001
Skilled Trades Occupations,559711.2700000001,1093342.6700000006,36971.32999999999
Associate Professional And Technical Occupations,694805.5099999998,700550.87,1535928.8100000005
