occupation_group,demand_entry_sl,demand_entry_fe,demand_entry_he
Sales And Customer Service Occupations,1091293.5700000003,582901.6199999998,247204.62000000002
"Caring, Leisure And Other Service Occupations",652701.55,1239103.3699999999,146589.81999999995
Administrative And Secretarial Occupations,1170691.74,468072.68,66582.56000000003
Skilled Trades Occupations,559711.27,1093342.6700000004,36971.33
Associate Professional And Technical Occupations,694805.51,700550.8699999999,1535928.8100000005
Professional Occupations,48616.119999999995,145745.39000000004,1669477.1300000004
